date,polarity,url
0.0003968253968253954,1516921329.0,https://www.reddit.com/r/Gunners/comments/7swm7k/post_match_day_thread/
0.09492394001510408,1516859710.0,https://www.reddit.com/r/Gunners/comments/7sqrwg/postmatch_thread_arsenal_21_chelsea_carabao_cup/
0.14765792450002974,1516495791.0,https://www.reddit.com/r/Gunners/comments/7rrgyg/post_matchthread_arsenal_41_crystal_palace/
-0.03490627020038785,1515972105.0,https://www.reddit.com/r/Gunners/comments/7qcdw7/postmatch_thread_bournemouth_2_1_arsenal/
0.07614134985764529,1515649888.0,https://www.reddit.com/r/Gunners/comments/7pj2ka/post_matchthread_chelsea_00_arsenal_efl_cup/
-0.05909261903336953,1515435781.0,https://www.reddit.com/r/Gunners/comments/7oxo69/post_match_day_thread_nottingham_forest_4_2/
-0.1096271810250818,1515376405.0,https://www.reddit.com/r/Gunners/comments/7os1qr/post_match_thread_nottingham_forest_42_arsenal/
-0.3112230971128608,1515044230.0,https://www.reddit.com/r/Gunners/comments/7nxxjv/post_match_thread/
-0.27204121376811596,1514773401.0,https://www.reddit.com/r/Gunners/comments/7na1o1/post_match_thread/
-0.2469478925804227,1514573966.0,https://www.reddit.com/r/Gunners/comments/7mtp5w/post_match_day_thread_crystal_palace_23_arsenal/
0.057201071570126265,1514526749.0,https://www.reddit.com/r/Gunners/comments/7mpq90/post_match_thread_crystal_palace_23_arsenal/
0.07314814814814814,1514060267.0,https://www.reddit.com/r/Gunners/comments/7locu6/post_match_day_thread_arsenal_33_liverpool/
0.09581485215053762,1514007540.0,https://www.reddit.com/r/Gunners/comments/7lkgxd/post_match_thread_arsenal_33_liverpool/
0.19623243933588763,1513748547.0,https://www.reddit.com/r/Gunners/comments/7kwidy/postmatch_thread_arsenal_10_west_ham_14_finals/
-0.06723986856516977,1513564134.0,https://www.reddit.com/r/Gunners/comments/7kfemx/post_match_day_thread/
0.057505518763796885,1513471982.0,https://www.reddit.com/r/Gunners/comments/7k810w/post_match_thread_arsenal_10_newcastle_united/
0.028799999999999996,1513284602.0,https://www.reddit.com/r/Gunners/comments/7jrd6o/post_match_day_thread_west_ham_0_0_arsenal/
0.09686839244766075,1513230274.0,https://www.reddit.com/r/Gunners/comments/7jmmkm/post_matchthread_west_ham_united_00_arsenal/
-0.13298619329388556,1512942667.0,https://www.reddit.com/r/Gunners/comments/7itzlm/post_matchthread_southampton_11_arsenal/
0.17298956414978514,1512712862.0,https://www.reddit.com/r/Gunners/comments/7i9yau/post_match_thread_arsenal_6_0_bate/
0.03947900509730618,1512271626.0,https://www.reddit.com/r/Gunners/comments/7h4o4i/post_match_thread_arsenal_1_3_manchester_united/
-0.05047009864364982,1512020108.0,https://www.reddit.com/r/Gunners/comments/7ggwn5/post_match_thread_arsenal_vs_huddersfield_50/
0.12047997101876413,1511740388.0,https://www.reddit.com/r/Gunners/comments/7fno3p/post_match_thread_burnley_vs_arsenal_01/
-0.050444049733570154,1511495749.0,https://www.reddit.com/r/Gunners/comments/7f23n4/postmatch_thread/
0.3344577899794097,1511043721.0,https://www.reddit.com/r/Gunners/comments/7dt6ds/postmatch_thread_arsenal_fc_20_tottenham_hotspur/
0.08367205859423758,1510002411.0,https://www.reddit.com/r/Gunners/comments/7b5098/post_match_day_thread_city_31_arsenal/
0.10221456692913385,1509926958.0,https://www.reddit.com/r/Gunners/comments/7ayeih/postmatch_thread_man_city_31_arsenal_premier/
0.01698328267477205,1509688686.0,https://www.reddit.com/r/Gunners/comments/7aexl5/postmatch_thread_arsenal_00_red_star_belgrade/
0.3438040201005025,1509234605.0,https://www.reddit.com/r/Gunners/comments/79at48/postmatch_thread_arsenal_fc_21_swansea_city_afc/
-0.021752531924262433,1508908642.0,https://www.reddit.com/r/Gunners/comments/78iwvj/postmatch_thread_arsenal_21_norwich_carabao_cup/
0.22574573863636366,1508711015.0,https://www.reddit.com/r/Gunners/comments/780gpg/postmatch_thread_everton_25_arsenal_premier_league/
0.24490379143548158,1508468134.0,https://www.reddit.com/r/Gunners/comments/77gks6/postmatch_thread_red_star_belgrade_01_arsenal/
-0.2525925925925926,1508034310.0,https://www.reddit.com/r/Gunners/comments/76dtc8/post_match_thread_watford_21_arsenal_pl/
0.07772408963585432,1506996185.0,https://www.reddit.com/r/Gunners/comments/73uhc0/post_matchday_thread_arsenal_20_brighton/
0.30920483025746187,1506891018.0,https://www.reddit.com/r/Gunners/comments/73lg4b/post_match_thread_arsenal_2_0/
0.17437817719680462,1506653310.0,https://www.reddit.com/r/Gunners/comments/7326r3/postmatch_thread_bate_borisov_24_arsenal_europa/
0.11061631944444444,1506442043.0,https://www.reddit.com/r/Gunners/comments/72ixuy/post_matchday_thread_arsenal_2_0_west_brom/
-0.2935309973045822,1506401467.0,https://www.reddit.com/r/Gunners/comments/72fe86/postmatch_thread_arsenal_20_west_brom_premier/
-0.05366262650035307,1505968824.0,https://www.reddit.com/r/Gunners/comments/71e16v/postmatch_thread_arsenal_10_doncaster_rovers/
0.11210719954648525,1505767993.0,https://www.reddit.com/r/Gunners/comments/70usj6/post_matchday_thread_chelsea_00_arsenal/
0.15324878064433323,1505686991.0,https://www.reddit.com/r/Gunners/comments/70nqrq/postmatch_thread_chelsea_00_arsenal/
0.24005865394174372,1505454897.0,https://www.reddit.com/r/Gunners/comments/705hsl/postmatch_thread_arsenal_31_fc_koln_europa_league/
0.14467734422587694,1505001146.0,https://www.reddit.com/r/Gunners/comments/6z2f5d/post_match_thread/
0.0833850725799744,1503881443.0,https://www.reddit.com/r/Gunners/comments/6wd87q/postmatch_thread_liverpool_40_arsenal/
0.031836091410559486,1503195824.0,https://www.reddit.com/r/Gunners/comments/6uqnzv/postmatch_thread_stoke_10_arsenal/
0.23735119047619047,1502769786.0,https://www.reddit.com/r/Gunners/comments/6tp1go/u23_derby_vs_arsenal_post_match_thread/
7.062146892655367e-05,1502547131.0,https://www.reddit.com/r/Gunners/comments/6t6wzx/post_match_day_discussion_thread_arsenal_43/
-0.11220281416787967,1502512767.0,https://www.reddit.com/r/Gunners/comments/6t400a/postmatch_thread_arsenal_43_leicester_city/
0.23885884930732262,1502060979.0,https://www.reddit.com/r/Gunners/comments/6ryu2c/post_match_thread_arsenal_11_chelsea_41_on/
0.47649667405764967,1501463381.0,https://www.reddit.com/r/Gunners/comments/6qihxa/postmatch_thread_arsenal_12_sevilla/
0.266759388038943,1501377120.0,https://www.reddit.com/r/Gunners/comments/6qc4m1/postmatch_thread_arsenal_52_benfica/
-0.1261165494034873,1500759742.0,https://www.reddit.com/r/Gunners/comments/6ov16v/post_match_thread_chelsea_3_arsenal_0/
-0.2593585526315789,1500500819.0,https://www.reddit.com/r/Gunners/comments/6o8k0s/post_match_thread/
0.16085680751173712,1499975789.0,https://www.reddit.com/r/Gunners/comments/6n14x8/post_matchthread_arsenal_20_sydney_fc/
0.1736629348368561,1495999360.0,https://www.reddit.com/r/Gunners/comments/6dtb8i/post_matchday_thread_arsenal_defeat_chelsea_21_to/
0.08889628681177979,1495938365.0,https://www.reddit.com/r/Gunners/comments/6dp6vc/post_match_thread_arsenal_21_chelsea_arsenal_win/
0.01651430030643515,1495410824.0,https://www.reddit.com/r/Gunners/comments/6ch8iq/post_match_thread_arsenal_31_everton/
0.07497619047619047,1494809249.0,https://www.reddit.com/r/Gunners/comments/6b4us6/discussion_post_matchday_thread_stoke_city_14/
0.16197916666666665,1494728455.0,https://www.reddit.com/r/Gunners/comments/6azazo/post_match_thread_stoke_city_14_arsenal/
-0.10490591397849465,1494531590.0,https://www.reddit.com/r/Gunners/comments/6ajk0l/post_matchday_thread_southampton_0_2_arsenal/
-0.10419999999999999,1494477352.0,https://www.reddit.com/r/Gunners/comments/6affv3/post_match_thread_southampton_02_arsenal/
-0.20421122994652408,1494204677.0,https://www.reddit.com/r/Gunners/comments/69sa0a/post_match_thread_arsenal_20_manchester_united/
0.517255616293299,1493601797.0,https://www.reddit.com/r/Gunners/comments/68gm63/postmatch_thread_tottenham_20_arsenal/
-0.3165770609318997,1493267894.0,https://www.reddit.com/r/Gunners/comments/67qvw2/post_match_thread_arsenal_10_leicester_city/
0.1091983493272776,1492994087.0,https://www.reddit.com/r/Gunners/comments/6735zv/post_match_thread_arsenal_2_manchester_city_1/
0.28717588686830814,1492491122.0,https://www.reddit.com/r/Gunners/comments/65ya12/postmatch_thread_middlesbrough_12_arsenal/
-0.008323784059078165,1491938944.0,https://www.reddit.com/r/Gunners/comments/64q8um/post_match_day_thread/
0.31416383276339516,1491886420.0,https://www.reddit.com/r/Gunners/comments/64may4/post_match_thread/
0.29262271689497715,1491490603.0,https://www.reddit.com/r/Gunners/comments/63rdqh/post_match_day_thread_arsenal_3_0_west_ham/
0.12489972745536027,1491453550.0,https://www.reddit.com/r/Gunners/comments/63o9qu/post_match_thread_arsenal_30_westham/
-0.1668220224597776,1491244970.0,https://www.reddit.com/r/Gunners/comments/635yjx/post_match_day_thread_arsenal_2_2_man_city/
0.24399051490514903,1491180744.0,https://www.reddit.com/r/Gunners/comments/630pix/postmatch_thread_arsenal_22_manchester_city/
0.27067901234567904,1489967514.0,https://www.reddit.com/r/Gunners/comments/60aoqy/post_match_thread_arsenal_10_0_spurs/
0.228174025974026,1489875831.0,https://www.reddit.com/r/Gunners/comments/604b7y/post_match_thread_west_brom_3_1_arsenal/
0.09534591194968554,1489289134.0,https://www.reddit.com/r/Gunners/comments/5yudle/post_match_thread_arsenal_5_0_lincoln_city/
0.06502969645658326,1488997561.0,https://www.reddit.com/r/Gunners/comments/5y76o4/post_matchday_thread_arsenal_1_5_bayern_munich/
0.0035197685631629754,1488951470.0,https://www.reddit.com/r/Gunners/comments/5y3mwx/post_match_thread/
0.2016169853768279,1488733596.0,https://www.reddit.com/r/Gunners/comments/5xm12e/post_matchday_thread_liverpool_arsenal_31/
-0.03977272727272727,1488723704.0,https://www.reddit.com/r/Gunners/comments/5xlk4c/lets_make_a_bingo_thread_of_all_of_wengers_post/
-0.0910899829237938,1488684085.0,https://www.reddit.com/r/Gunners/comments/5xilf8/post_match_thread_liverpool_arsenal_31/
0.11151045556385362,1487656350.0,https://www.reddit.com/r/Gunners/comments/5v7glk/post_match_thread_sutton_united_02_arsenal/
0.0558886376483889,1487269361.0,https://www.reddit.com/r/Gunners/comments/5ue0m0/post_matchday_thread_bayern_munich_5_1_arsenal/
0.1720045484080572,1487223582.0,https://www.reddit.com/r/Gunners/comments/5uahds/post_match_thread_bayern_5_1_arsenal/
0.044022988505747124,1486851959.0,https://www.reddit.com/r/Gunners/comments/5tews7/post_match_thread_arsenal_2_0_hull_city/
0.19752218934911245,1486246990.0,https://www.reddit.com/r/Gunners/comments/5s0tit/postmatch_thread_chelsea_3_1_arsenal/
0.2942222222222222,1485927681.0,https://www.reddit.com/r/Gunners/comments/5rb7h0/post_match_thread_arsenal_1_2_watford/
0.18173862019914652,1485729496.0,https://www.reddit.com/r/Gunners/comments/5qu0oo/post_matchday_thread_southampton_0_5_arsenal/
0.040250000000000015,1484621310.0,https://www.reddit.com/r/Gunners/comments/5oclzf/are_we_no_longer_doing_the_post_match_day_threads/
0.2084325396825397,1484441412.0,https://www.reddit.com/r/Gunners/comments/5nycfm/post_match_thread_swansea_0_4_arsenal/
0.026623006833712985,1483845998.0,https://www.reddit.com/r/Gunners/comments/5mm8an/post_match_thread_preston_1_2_arsenal/
-0.01271270216075411,1483525170.0,https://www.reddit.com/r/Gunners/comments/5lwcbi/meta_can_we_have_a_formal_subreddit_discussion_on/
0.21273553719008262,1483508459.0,https://www.reddit.com/r/Gunners/comments/5lupr5/post_match_thread_bournemouth_vs_arsenal/
0.11344498251277914,1483401374.0,https://www.reddit.com/r/Gunners/comments/5llve2/post_matchday_thread_arsenal_2_0_crystal_palace/
0.09843629343629344,1482799903.0,https://www.reddit.com/r/Gunners/comments/5kej72/post_match_thread_arsenal_1_0_west_brom/
-0.00115427631025499,1482191270.0,https://www.reddit.com/r/Gunners/comments/5j71k9/post_matchday_thread_man_city_2_1_arsenal/
-0.071262231046744,1482112311.0,https://www.reddit.com/r/Gunners/comments/5j1d2i/postmatch_thread_manchester_city_21_arsenal/
-0.21682620673474332,1481755798.0,https://www.reddit.com/r/Gunners/comments/5iay7g/post_match_day_thread_everton_21_arsenal/
0.057488179669030734,1481694950.0,https://www.reddit.com/r/Gunners/comments/5i6htp/right_ive_made_jokes_about_it_but_its_actually/
-0.24804508942439976,1481693926.0,https://www.reddit.com/r/Gunners/comments/5i6e6b/post_match_thread_everton_vs_arsenal/
-0.08333333333333333,1481428719.0,https://www.reddit.com/r/Gunners/comments/5hlz4n/what_happened_to_the_people_who_used_to_do_match/
0.04384472794678879,1481417651.0,https://www.reddit.com/r/Gunners/comments/5hl0g1/post_match_thread_arsenal_31_stoke/
0.4182099818099136,1481089458.0,https://www.reddit.com/r/Gunners/comments/5gvpr5/post_match_thread_basel_14_arsenal/
0.14606456422571001,1480887623.0,https://www.reddit.com/r/Gunners/comments/5gfgcc/post_matchday_thread_west_ham_15_arsenal/
0.16849596136138312,1480821909.0,https://www.reddit.com/r/Gunners/comments/5gb7pj/post_match_thread_west_ham_1_5_arsenal/
0.11194284809334361,1480595039.0,https://www.reddit.com/r/Gunners/comments/5fukwx/postmatch_day_thread_arsenal_02_southampton/
-0.1821475625823452,1480570721.0,https://www.reddit.com/r/Gunners/comments/5fsdjq/post_match_thread_arsenal_0_2_southampton/
-0.09883511814162498,1480370808.0,https://www.reddit.com/r/Gunners/comments/5fbtg7/post_matchday_thread_arsenal_31_bournemouth/
0.20789980732177266,1480291710.0,https://www.reddit.com/r/Gunners/comments/5f5yjt/post_match_thread_arsenal_3_1_bournemouth/
0.017766676114890398,1479669259.0,https://www.reddit.com/r/Gunners/comments/5dxm2w/post_matchday_thread_man_united_11_arsenal/
0.11687560270009645,1479594192.0,https://www.reddit.com/r/Gunners/comments/5dsn2e/postmatch_thread_manchester_united_11_arsenal/
0.1553753050205078,1478543977.0,https://www.reddit.com/r/Gunners/comments/5blhxm/post_matchday_thread_arsenal_11_tottenham_pl/
-0.16913521425012457,1478469533.0,https://www.reddit.com/r/Gunners/comments/5bfu0i/post_match_thread_arsenal_vs_tottenham/
0.07876952848051114,1478117598.0,https://www.reddit.com/r/Gunners/comments/5apifp/post_matchday_thread_ludogorets_23_arsenal_cl/
0.20049710024855014,1478064843.0,https://www.reddit.com/r/Gunners/comments/5alw58/post_match_thread_ludogorets_2_3_arsenal/
0.20414434797860212,1477858769.0,https://www.reddit.com/r/Gunners/comments/5a5rkd/post_matchday_thread_sunderland_14_arsenal/
-0.05068714632174615,1477776167.0,https://www.reddit.com/r/Gunners/comments/5a0eyh/post_match_thread_sunderland_1_4_arsenal/
0.16569861960923415,1477272413.0,https://www.reddit.com/r/Gunners/comments/58zm87/post_matchday_thread_arsenal_00_midddlesbrough_pl/
0.31592920353982296,1476938072.0,https://www.reddit.com/r/Gunners/comments/58cmu1/post_match_thread_arsenal_6_0_ludogorets/
0.13895676994067874,1476725337.0,https://www.reddit.com/r/Gunners/comments/57wguo/post_matchday_thread_arsenal_32_swansea_pl/
-0.026511369938990573,1476575550.0,https://www.reddit.com/r/Gunners/comments/57mmtj/post_match_thread_arsenal_3_2_swansea/
0.028793843951324297,1475457828.0,https://www.reddit.com/r/Gunners/comments/55j73l/postmatch_thread_burnley_0_1_arsenal/
0.11765809217577707,1475176796.0,https://www.reddit.com/r/Gunners/comments/551odl/post_matchday_thread_arsenal_20_basel_ucl/
0.04659337323271749,1475123665.0,https://www.reddit.com/r/Gunners/comments/54yh6t/post_match_thread_arsenal_2_0_basel/
-0.25,1474895142.0,https://i.reddituploads.com/130424d69cf54519aca9bf3892735580?fit=max&h=1536&w=1536&s=cea8046989555a79ade61769a0c6822d
0.09189635293403724,1474770030.0,https://www.reddit.com/r/Gunners/comments/54bbwy/post_match_thread_arsenal_3_0_chelsea/
0.3856517220902613,1474432858.0,https://www.reddit.com/r/Gunners/comments/53piac/post_match_thread_nottingham_forest_0_4_arsenal/
-0.10430544512177166,1474212602.0,https://www.reddit.com/r/Gunners/comments/53b9bx/post_matchday_thread_hull_city_1_4_arsenal/
0.14149700598802395,1474156365.0,https://www.reddit.com/r/Gunners/comments/537rer/post_match_thread_hull_1_4_arsenal/
-0.1295132191081357,1473827977.0,https://www.reddit.com/r/Gunners/comments/52mrsc/postmatch_thread_paris_saintgermain_11_arsenal/
0.022206822265784545,1473601807.0,https://www.reddit.com/r/Gunners/comments/5279hj/post_matchday_thread_arsenal_2_1_southampton/
0.19461906744379684,1473551943.0,https://www.reddit.com/r/Gunners/comments/523q1d/post_match_thread_arsenal_2_1_southampton/
0.13777955271565495,1472943352.0,https://www.reddit.com/r/Gunners/comments/50z58n/post_match_thread_arsenal_legends_4_2_milan_glorie/
0.06696196780893042,1472413545.0,https://www.reddit.com/r/Gunners/comments/4zz2jq/post_matchday_thread_watford_1_3_arsenal/
0.1670403271291596,1472342112.0,https://www.reddit.com/r/Gunners/comments/4zusq9/post_match_thread_watford_1_3_arsenal/
0.08952479674796747,1471770758.0,https://www.reddit.com/r/Gunners/comments/4ysc6x/post_match_analysis_thread/
-0.0357615894039735,1471746039.0,https://www.reddit.com/r/Gunners/comments/4yqd9n/post_match_thread_leicester_city_00_arsenal/
0.13031423290203328,1471222392.0,https://www.reddit.com/r/Gunners/comments/4xowu1/post_match_thread_arsenal_34_liverpool/
0.011423796791443872,1470624913.0,https://www.reddit.com/r/Gunners/comments/4wm4wn/post_match_thread_arsenal_3_2_manchester_city/
0.18078366778956795,1470457064.0,https://www.reddit.com/r/Gunners/comments/4wcezo/post_match_thread_viking_fk_0_8_arsenal/
0.32715930902111323,1470049179.0,https://www.reddit.com/r/Gunners/comments/4vkhfh/post_match_thread_chivas_guadalajara_1_3_arsenal/
0.4319095282433271,1469786196.0,https://www.reddit.com/r/Gunners/comments/4v493n/postmatch_thread_mls_allstars_1_2_arsenal/
0.12390248640248641,1463445841.0,https://www.reddit.com/r/Gunners/comments/4jm1b5/serious_post_matchday_thread_arsenal_40_aston/
0.20314814814814816,1463356274.0,https://www.reddit.com/r/Gunners/comments/4jgn4j/post_match_thread_arsenal_vs_aston_villa/
0.1679787939032472,1463356238.0,https://www.reddit.com/r/Gunners/comments/4jgn11/post_match_thread_arsenal_4_0_aston_villa/
-0.06010362694300519,1462755052.0,https://www.reddit.com/r/Gunners/comments/4if9z5/postmatch_thread_manchester_city_22_arsenal/
-0.36363636363636365,1462069430.0,https://www.reddit.com/r/Gunners/comments/4h5k0d/postmatch_thread_arsenal_10_norwich_city/
-0.13551120448179274,1461538576.0,https://www.reddit.com/r/Gunners/comments/4g8ftt/postmatch_thread_sunderland_00_arsenal/
0.195007342143906,1461299648.0,https://www.reddit.com/r/Gunners/comments/4fuze2/post_match_thread_arsenal_2_0_west_brom/
-0.04818930041152263,1460940686.0,https://www.reddit.com/r/Gunners/comments/4f7cyj/post_match_thread_arsenal_11_crystal_palace/
0.20407135076252725,1460437667.0,https://www.reddit.com/r/Gunners/comments/4ecsn8/postmatch_thread_derby_u21s_12_arsenal_u21s_were/
0.15278357689631178,1460237876.0,https://www.reddit.com/r/Gunners/comments/4e19vq/postmatch_thread_west_ham_united_33_arsenal/
0.7565582371458552,1459641024.0,https://www.reddit.com/r/Gunners/comments/4d1zzj/post_match_thread_arsenal_4_0_watford/
0.24526691948658108,1458427119.0,https://www.reddit.com/r/Gunners/comments/4b3azm/post_match_thread_everton_0_2_arsenal/
0.0022074355724545935,1458192925.0,https://www.reddit.com/r/Gunners/comments/4apy6r/postmatch_thread_barcelona_31_51_arsenal/
-0.06299869000833631,1457911529.0,https://www.reddit.com/r/Gunners/comments/4a8o2y/post_match_thread_rant_section/
0.08165686274509804,1457499233.0,https://www.reddit.com/r/Gunners/comments/49kiqk/post_match_thread_hull_vs_arsenal/
-0.19871186440677963,1457217357.0,https://www.reddit.com/r/Gunners/comments/492m4z/post_match_thread_tottenham_22_arsenal/
0.1141071428571429,1456985850.0,https://www.reddit.com/r/Gunners/comments/48oovx/meta_i_believe_the_mods_should_limit_postmatch/
-0.10873563218390805,1456983565.0,https://www.reddit.com/r/Gunners/comments/48oi9k/post_match_thread_arsenal_vs_swansea_city/
-0.09572812022224704,1456703904.0,https://www.reddit.com/r/Gunners/comments/483d1s/post_match_thread_manchester_united_32_arsenal/
-0.06044238683127571,1456293377.0,https://www.reddit.com/r/Gunners/comments/479155/can_moderators_please_stop_deleting_match_threads/
-0.18218121490556405,1456292137.0,https://www.reddit.com/r/Gunners/comments/478xbl/post_match_thread_arsenal_0_2_barcelona/
-0.032722891566265046,1456007838.0,https://www.reddit.com/r/Gunners/comments/46qbet/post_match_thread_arsenal_vs_hull_city/
0.3347924773022049,1455487247.0,https://www.reddit.com/r/Gunners/comments/45qr3q/shitpost_match_thread_arsenal_21_leicester/
0.04351719197707737,1455486802.0,https://www.reddit.com/r/Gunners/comments/45qq8v/post_match_thread_arsenal_21_leicester_city/
0.30433604336043363,1454887268.0,https://www.reddit.com/r/Gunners/comments/44lygz/post_match_thread_bournemouth_0_2_arsenal/
0.02139859406148358,1454477906.0,https://www.reddit.com/r/Gunners/comments/43wg3k/post_match_thread_arsenal_00_southampton/
0.19155061938741658,1454201589.0,https://www.reddit.com/r/Gunners/comments/43etjt/postmatch_thread_arsenal_21_burnley/
-0.09894911504424779,1453686872.0,https://www.reddit.com/r/Gunners/comments/42gu3j/reminder_all_postmatch_reaction_should_go_in_the/
-0.10065466448445173,1453686772.0,https://www.reddit.com/r/Gunners/comments/42gtu5/postmatch_thread_arsenal_01_chelsea/
0.05385107673642704,1453082681.0,https://www.reddit.com/r/Gunners/comments/41elyk/postmatch_thread_stoke_city_00_arsenal/
0.3754970115618264,1452794471.0,https://www.reddit.com/r/Gunners/comments/40wzls/serious_post_day_match_thread_liverpool_3_3/
0.21275724991854025,1452750738.0,https://www.reddit.com/r/Gunners/comments/40ucv5/post_match_thread_liverpool_33_arsenal/
0.3345805051741404,1452387130.0,https://www.reddit.com/r/Gunners/comments/406zgu/post_match_thread_arsenal_3_1_sunderland/
0.005946372239747635,1451782315.0,https://www.reddit.com/r/Gunners/comments/3z5pi9/post_match_thread_arsenal_1_0_newcastle_united/
0.23333333333333328,1451459753.0,https://www.reddit.com/r/MCFC/comments/3ypamq/post_match_thread_manchester_city_0_0_leicester/
0.18596601152002817,1451359184.0,https://www.reddit.com/r/Gunners/comments/3yk22d/post_match_thread_arsenal_2_0_bournemouth/
0.08082633957391866,1450763526.0,https://www.reddit.com/r/Gunners/comments/3xr7bb/post_match_thread_arsenal_2_1_manchester_city/
0.3518066491688539,1450048866.0,https://www.reddit.com/r/Gunners/comments/3wnle2/post_match_thread_aston_villa_0_2_arsenal/
-0.11050597329585383,1449725681.0,https://www.reddit.com/r/Gunners/comments/3w4o33/post_match_thread_olympiakos_0_3_arsenal/
0.3476153846153846,1449363147.0,https://www.reddit.com/r/Gunners/comments/3vk0od/post_match_thread_arsenal_3_1_sunderland/
0.19176356589147286,1448849200.0,https://www.reddit.com/r/Gunners/comments/3uqkmh/post_match_thread_norwich_1_1_arsenal/
0.2917480998914224,1448429558.0,https://www.reddit.com/r/Gunners/comments/3u4qpu/post_match_thread_arsenal_3_0_dinamo_zagreb/
-0.14223669923995658,1448153616.0,https://www.reddit.com/r/Gunners/comments/3tpivf/postmatch_thread_wba_21_arsenal/
-0.03866979985035541,1447033917.0,https://www.reddit.com/r/Gunners/comments/3s0zki/post_match_thread_arsenal_1_1_tottenham/
0.1595230506577933,1446701834.0,https://www.reddit.com/r/Gunners/comments/3rjoc1/post_match_thread_bayern_5_1_arsenal/
-0.02692582417582417,1446339151.0,https://www.reddit.com/r/Gunners/comments/3qzddv/post_match_thread_swansea_0_3_arsenal/
-0.10381161236424395,1446010799.0,https://www.reddit.com/r/Gunners/comments/3qh4uv/post_match_thread_sheffield_wednesday_3_0_arsenal/
-0.24285024154589369,1445740365.0,http://i.imgur.com/bQ3nRyS.jpg
0.27241847826086957,1445739698.0,https://www.reddit.com/r/Gunners/comments/3q22pn/post_match_thread_arsenal_2_1_everton/
-0.011565006620420098,1445471311.0,https://www.reddit.com/r/Gunners/comments/3pnabu/post_match_day_thread_arsenal_2_0_bayern_munich/
0.07578084997439835,1445402288.0,https://www.reddit.com/r/Gunners/comments/3pjhx6/post_match_thread_arsenal_2_0_bayern_munich/
0.40356450048496606,1445134841.0,https://www.reddit.com/r/Gunners/comments/3p4z2j/post_match_thread_watford_vs_arsenal/
0.23727668948903255,1444095819.0,https://www.reddit.com/r/Gunners/comments/3nllh4/post_matchday_thread_arsenal_3_0_manchester_united/
0.22563996696944674,1444006182.0,https://www.reddit.com/r/Gunners/comments/3ngun0/post_match_thread_arsenal_3_0_manchester_united/
-0.04120293847566575,1443587939.0,https://www.reddit.com/r/Gunners/comments/3mvo5u/post_match_thread_arsenal_vs_olympiacos/
0.23367613450865166,1443311537.0,https://www.reddit.com/r/Gunners/comments/3mh4kn/post_match_thread_leicester_2_5_arsenal/
-0.06909709618874772,1443069410.0,https://www.reddit.com/r/Gunners/comments/3m426m/post_match_thread_tottenham_1_2_arsenal/
0.11285818001443,1442742041.0,https://www.reddit.com/r/Gunners/comments/3lmncg/post_match_performance_thread/
-0.025999999999999995,1442718755.0,http://i.imgur.com/zs26Nin.jpg
-0.14202708414618287,1442698858.0,https://www.reddit.com/r/Gunners/comments/3lk192/post_match_thread_chelsea_2_0_arsenal/
-0.03086342470567563,1442464694.0,https://www.reddit.com/r/Gunners/comments/3l7tx8/post_match_thread_dinamo_zagreb_2_1_arsenal/
0.2766546329723225,1442101794.0,https://www.reddit.com/r/Gunners/comments/3koa1u/post_match_thread_arsenal_2_0_stoke/
0.13545444294091114,1440884291.0,https://www.reddit.com/r/Gunners/comments/3iue4b/postmatch_thread_newcastle_01_arsenal/
0.22865114022319263,1440478272.0,https://www.reddit.com/r/Gunners/comments/3i8y0x/post_match_thread_arsenal_0_0_liverpool/
0.1640961021505376,1439763610.0,https://www.reddit.com/r/Gunners/comments/3h79tp/post_match_thread_arsenal_2_1_crystal_palace/
-0.0037329819938515473,1439158991.0,https://www.reddit.com/r/Gunners/comments/3gcnyd/postmatch_thread_arsenal_0_2_west_ham_united/
0.31043916486681067,1438559467.0,https://www.reddit.com/r/Gunners/comments/3fimn0/post_match_thread_arsenal_1_0_chelsea/
0.022325102880658438,1437959219.0,https://www.reddit.com/r/Gunners/comments/3eoay6/postmatch_thread_arsenal_vs_wolfsburg/
0.6118508655126498,1437872951.0,https://www.reddit.com/r/Gunners/comments/3ekphm/postmatch_thread_arsenal_6_0_olympique_lyonnais/
0.2967713787085515,1437257933.0,https://www.reddit.com/r/Gunners/comments/3dqknh/post_match_thread_arsenal_3_1_everton/
0.23413385306553908,1436998718.0,https://www.reddit.com/r/Gunners/comments/3ddthj/post_match_thread_arsenal_vs_sigapore_select_xi/
0.34419431279620855,1433206860.0,https://www.reddit.com/r/Gunners/comments/383om5/rgunners_top_rated_comment_in_every_post_match/
0.17707340324118206,1433038887.0,https://www.reddit.com/r/Gunners/comments/37vaym/postmatch_thread_arsenal_4_0_aston_villa_fa_cup/
0.23984704641350207,1432511449.0,https://www.reddit.com/r/Gunners/comments/373ml5/post_match_thread_arsenal_4_1_west_brom/
-0.0005862646566164059,1432182953.0,https://www.reddit.com/r/Gunners/comments/36o6tv/postmatch_thread_arsenal_vs_sunderland/
0.0353072625698324,1431910344.0,https://www.reddit.com/r/Gunners/comments/369y0b/post_match_thread_manchester_united_1_1_arsenal/
0.03841536614645859,1431480298.0,https://www.reddit.com/r/Gunners/comments/35qdce/post_match_day_thread/
0.14554902769188482,1431475191.0,https://www.reddit.com/r/Gunners/comments/35q1vy/post_match_day_thread_arsenal_0_1_swansea/
0.04263024142312579,1431406383.0,https://www.reddit.com/r/Gunners/comments/35mz7h/post_match_thread_arsenal_vs_swansea/
0.09743338852927895,1430801536.0,https://www.reddit.com/r/Gunners/comments/34v6tr/post_match_thread_hull_1_3_arsenal/
0.2935840070478267,1430163525.0,https://www.reddit.com/r/Gunners/comments/340q1r/post_match_day_thread/
-0.06964171465131164,1430096082.0,https://www.reddit.com/r/Gunners/comments/33xmqc/post_match_thread_arsenal_0_0_chelsea/
-0.036982248520710075,1429411834.0,https://www.reddit.com/r/Gunners/comments/331wl9/post_match_thread_arsenal_2_1_reading/
-0.0484516797556719,1428805349.0,https://www.reddit.com/r/Gunners/comments/3294fn/post_match_thread_burnley_vs_arsenal/
0.2965217391304348,1428467082.0,https://www.reddit.com/r/Gunners/comments/31sfoi/postmatch_thread_arsenal_u21_vs_stoke_u21/
0.16086309523809522,1428288739.0,https://www.reddit.com/r/Gunners/comments/31jlzu/reading_the_post_match_thread_on_the_liverpool/
0.03753336961874399,1428183417.0,https://www.reddit.com/r/Gunners/comments/31f1wn/postmatch_thread_arsenal_4_1_liverpool/
0.04108071389475331,1426985524.0,https://www.reddit.com/r/Gunners/comments/2zthod/postmatch_thread_newcastle_1_2_arsenal/
-0.047807040945907014,1426657032.0,https://www.reddit.com/r/Gunners/comments/2zebmo/postmatch_thread_monaco_0_vs_2_arsenal/
0.35913470897410943,1426380797.0,https://www.reddit.com/r/Gunners/comments/2z178i/post_match_thread_arsenal_3_west_ham_0/
0.4249130938586327,1425966068.0,https://www.reddit.com/r/Gunners/comments/2yhk2f/post_match_thread_manchester_united_1_2_arsenal/
-0.02328465461288827,1425534007.0,https://www.reddit.com/r/Gunners/comments/2xya4f/post_match_thread_arsenal_2_1_qpr/
0.34648692810457515,1425445746.0,https://www.reddit.com/r/Gunners/comments/2xtw1j/request_to_not_include_final_score_in_post_match/
-0.08653846153846154,1425254386.0,https://www.reddit.com/r/Gunners/comments/2xkhf9/post_match_thread_arsenal_2_0_everton/
0.0,1424939453.0,https://www.reddit.com/r/Gunners/comments/2x6d8l/postmatch_thread_as_monaco_02_arsenal_uefa/
0.0,1424929086.0,https://www.reddit.com/r/Gunners/comments/2x5ppk/postmatch_thread/
-0.30833333333333335,1424928589.0,https://www.reddit.com/r/Gunners/comments/2x5oi9/post_match_thread_arsenal_02_monaco/
-0.22785714285714284,1424927740.0,https://www.reddit.com/r/Gunners/comments/2x5mid/maybe_we_should_just_start_the_postmatch_thread/
-0.14071743929359826,1424566432.0,https://www.reddit.com/r/Gunners/comments/2wo2d8/postmatch_thread_crystal_palace_1_2_arsenal/
0.1866923736075407,1424051476.0,https://www.reddit.com/r/Gunners/comments/2vzk0y/postmatch_thread_arsenal_2_0_middlesbrough/
-0.01685735671514115,1423633065.0,https://www.reddit.com/r/Gunners/comments/2vgn8c/postmatch_thread_arsenal_2_1_leicester/
0.2514557500607829,1423348698.0,https://www.reddit.com/r/Gunners/comments/2v3c4q/postmatch_thread_spurs_vs_arsenal/
0.4383092324805339,1422832838.0,https://www.reddit.com/r/Gunners/comments/2ueul6/postmatch_thread_arsenal_5_0_aston_villa/
-0.20060858424087125,1422237179.0,https://www.reddit.com/r/Gunners/comments/2tmq26/postmatch_thread_brighton_2_3_arsenal/
0.12368766404199474,1421632282.0,https://www.reddit.com/r/Gunners/comments/2suhvp/postmatch_thread_manchester_city_0_2_arsenal/
0.15631436314363142,1421018610.0,https://www.reddit.com/r/Gunners/comments/2s2c0m/postmatch_thread_arsenal_3_0_stoke/
0.16144007155635065,1420428081.0,https://www.reddit.com/r/Gunners/comments/2rbmue/postmatch_thread_arsenal_vs_hull_city_fa_cup/
0.04355797479476126,1420159691.0,https://www.reddit.com/r/Gunners/comments/2r0kix/post_match_thread_southampton_v_arsenal/
